Crop,Total_Area,Total_Production,Average_Yield,Total_Revenue,Total_Profit
Sugarcane,39045,2910746.45,74.36250000000001,11458173656.99,7411579031.42
Rice,38162,159659.38,4.149166666666667,5385892986.58,4113534857.32
Groundnut,40226,78329.13,1.9447222222222225,5259805478.34,4056599852.2
Cotton,40898,63858.25,1.5672222222222223,4649515442.59,3435266294.06
Wheat,40408,145779.74,3.607638888888889,4214021860.96,2916775772.5
Soybean,38263,70944.51,1.848888888888889,3639206805.62,2473510595.53
Maize,38350,128461.63,3.337638888888889,3353125709.32,2132406839.21
Mustard,33241,47477.979999999996,1.4372222222222222,2946812662.46,1939591667.18
