Region,Total_Production,Total_Revenue,Total_Profit,Average_Profit_Margin
Karnataka,573005.07,5683332209.58,3988572357.87,71.07347222222222
Gujarat,481740.31,5566943126.68,3857421201.37,68.54194444444444
Uttar Pradesh,460198.29000000004,5497355363.3,3930427362.68,71.18972222222222
Maharashtra,468616.97000000003,5317911448.3,3809119606.67,70.43972222222222
Madhya Pradesh,437228.29,5282131036.12,3759791994.13,70.98847222222223
Punjab,432075.18,4758166544.05,3223169989.1,68.12166666666667
Rajasthan,401737.96,4516711571.66,2991408253.07,65.99555555555555
Haryana,350655.0,4284003303.17,2919354144.53,67.14902777777777
